City,Zone,Rides,Completed,Driver Cancels,Avg Wait Minutes,Revenue,Rides Over 15min,Completion Rate,Driver Cancel Rate,Pct Rides Over 15,Platform Completion Rate,Platform Avg Wait,Completion vs Platform,Wait vs Platform
Clearwater,CLE-Z01,1232,975,140,7.169642857142857,35738.67,55,0.7914,0.1136,0.0446,0.8136,7.8,-0.0222,-0.7
Clearwater,CLE-Z02,1235,1003,123,7.433198380566802,37236.36,52,0.8121,0.0996,0.0421,0.8136,7.8,-0.0015,-0.4
Clearwater,CLE-Z03,1270,1039,116,7.265354330708662,37421.92,67,0.8181,0.0913,0.0528,0.8136,7.8,0.0045,-0.6
Clearwater,CLE-Z04,1295,1025,129,7.385328185328185,36843.74,64,0.7915,0.0996,0.0494,0.8136,7.8,-0.0222,-0.5
Clearwater,CLE-Z05,1300,1053,107,7.365384615384615,38015.34,71,0.81,0.0823,0.0546,0.8136,7.8,-0.0036,-0.5
Clearwater,CLE-Z06,1252,1028,107,7.374600638977636,38380.81,59,0.8211,0.0855,0.0471,0.8136,7.8,0.0075,-0.5
Clearwater,CLE-Z07,1272,1032,108,7.252358490566038,38420.02,52,0.8113,0.0849,0.0409,0.8136,7.8,-0.0023,-0.6
Clearwater,CLE-Z08,1204,1004,102,7.269102990033223,35700.7,61,0.8339,0.0847,0.0507,0.8136,7.8,0.0202,-0.6
Eastport,EAS-Z01,1202,1002,95,7.463394342762063,36534.27,58,0.8336,0.079,0.0483,0.8136,7.8,0.02,-0.4
Eastport,EAS-Z02,1195,975,107,7.262761506276151,35359.23,52,0.8159,0.0895,0.0435,0.8136,7.8,0.0022,-0.6
Eastport,EAS-Z03,1250,1044,97,7.2664,38176.38,59,0.8352,0.0776,0.0472,0.8136,7.8,0.0216,-0.6
Eastport,EAS-Z04,1264,1014,116,7.546677215189874,37082.159999999996,63,0.8022,0.0918,0.0498,0.8136,7.8,-0.0114,-0.3
Eastport,EAS-Z05,1252,1016,111,7.3314696485623,36652.03,68,0.8115,0.0887,0.0543,0.8136,7.8,-0.0021,-0.5
Eastport,EAS-Z06,1275,1034,109,7.349019607843137,37153.6,67,0.811,0.0855,0.0525,0.8136,7.8,-0.0026,-0.5
Eastport,EAS-Z07,1212,988,118,7.365511551155116,36098.8,65,0.8152,0.0974,0.0536,0.8136,7.8,0.0016,-0.5
Eastport,EAS-Z08,1218,985,120,7.333333333333333,35894.97,64,0.8087,0.0985,0.0525,0.8136,7.8,-0.005,-0.5
Harbor City,HAR-Z01,1258,1041,119,7.468203497615263,36685.68,72,0.8275,0.0946,0.0572,0.8136,7.8,0.0139,-0.4
Harbor City,HAR-Z02,1319,1076,133,7.338134950720242,38413.06,62,0.8158,0.1008,0.047,0.8136,7.8,0.0021,-0.5
Harbor City,HAR-Z03,1344,1092,118,7.324404761904762,40525.09,70,0.8125,0.0878,0.0521,0.8136,7.8,-0.0011,-0.5
Harbor City,HAR-Z04,1255,1042,102,7.202390438247012,37354.44,63,0.8303,0.0813,0.0502,0.8136,7.8,0.0167,-0.6
Harbor City,HAR-Z05,1201,957,114,7.48376353039134,33617.04,69,0.7968,0.0949,0.0575,0.8136,7.8,-0.0169,-0.4
Harbor City,HAR-Z06,1236,1006,125,7.401294498381877,38059.36,62,0.8139,0.1011,0.0502,0.8136,7.8,0.0002,-0.4
Harbor City,HAR-Z07,1228,1002,113,7.414495114006515,37971.12,64,0.816,0.092,0.0521,0.8136,7.8,0.0023,-0.4
Harbor City,HAR-Z08,1208,1008,95,7.231788079470198,38152.3,55,0.8344,0.0786,0.0455,0.8136,7.8,0.0208,-0.6
Lakewood,LAK-Z01,1255,1039,98,7.1131474103585655,38461.29,48,0.8279,0.0781,0.0382,0.8136,7.8,0.0142,-0.7
Lakewood,LAK-Z02,1305,1065,120,7.228352490421456,40730.48,59,0.8161,0.092,0.0452,0.8136,7.8,0.0025,-0.6
Lakewood,LAK-Z03,1268,1030,114,7.257097791798107,38120.34,67,0.8123,0.0899,0.0528,0.8136,7.8,-0.0013,-0.6
Lakewood,LAK-Z04,1250,1000,123,7.5464,36870.27,73,0.8,0.0984,0.0584,0.8136,7.8,-0.0136,-0.3
Lakewood,LAK-Z05,1289,1043,139,7.4111714507370055,36862.54,68,0.8092,0.1078,0.0528,0.8136,7.8,-0.0044,-0.4
Lakewood,LAK-Z06,1250,1014,125,7.4544,37832.73,72,0.8112,0.1,0.0576,0.8136,7.8,-0.0024,-0.4
Lakewood,LAK-Z07,1223,1011,111,7.4349959116925595,38551.59,67,0.8267,0.0908,0.0548,0.8136,7.8,0.0131,-0.4
Lakewood,LAK-Z08,1172,968,97,7.146757679180888,36679.01,36,0.8259,0.0828,0.0307,0.8136,7.8,0.0122,-0.7
Metro City,MET-Z01,1223,1022,92,7.152085036794767,37945.22,42,0.8357,0.0752,0.0343,0.8136,7.8,0.0221,-0.7
Metro City,MET-Z02,1263,1033,116,7.349960411718132,38575.16,73,0.8179,0.0918,0.0578,0.8136,7.8,0.0042,-0.5
Metro City,MET-Z03,1200,1008,104,7.3,35977.23,69,0.84,0.0867,0.0575,0.8136,7.8,0.0263,-0.5
Metro City,MET-Z04,1289,1085,90,7.239720713731574,39041.48,68,0.8417,0.0698,0.0528,0.8136,7.8,0.0281,-0.6
Metro City,MET-Z05,1291,1036,127,7.459333849728893,37356.3,55,0.8025,0.0984,0.0426,0.8136,7.8,-0.0111,-0.4
Metro City,MET-Z06,1249,1031,103,7.184147317854284,37947.13,66,0.8255,0.0825,0.0528,0.8136,7.8,0.0119,-0.7
Metro City,MET-Z07,1260,1048,98,7.364285714285714,37157.8,56,0.8317,0.0778,0.0444,0.8136,7.8,0.0181,-0.5
Metro City,MET-Z08,1235,1012,108,7.161133603238866,39996.98,61,0.8194,0.0874,0.0494,0.8136,7.8,0.0058,-0.7
Northgate,NOR-Z01,1071,908,84,7.355742296918767,33031.95,52,0.8478,0.0784,0.0486,0.8136,7.8,0.0342,-0.5
Northgate,NOR-Z02,1038,844,92,7.404624277456647,31786.84,55,0.8131,0.0886,0.053,0.8136,7.8,-0.0005,-0.4
Northgate,NOR-Z03,1035,866,91,7.197101449275363,30870.11,51,0.8367,0.0879,0.0493,0.8136,7.8,0.0231,-0.6
Northgate,NOR-Z04,1867,1225,382,22.998928762720944,42309.44,1624,0.6561,0.2046,0.8698,0.8136,7.8,-0.1575,15.2
Northgate,NOR-Z05,1967,1288,397,22.938993390950685,46873.73,1710,0.6548,0.2018,0.8693,0.8136,7.8,-0.1588,15.1
Northgate,NOR-Z06,989,796,98,7.402426693629929,28672.52,51,0.8049,0.0991,0.0516,0.8136,7.8,-0.0088,-0.4
Northgate,NOR-Z07,1012,837,76,7.336956521739131,31100.01,45,0.8271,0.0751,0.0445,0.8136,7.8,0.0134,-0.5
Northgate,NOR-Z08,1010,842,74,7.474257425742574,30080.05,58,0.8337,0.0733,0.0574,0.8136,7.8,0.0201,-0.4
Pinecrest,PIN-Z01,1280,1070,105,7.3765625,40360.69,63,0.8359,0.082,0.0492,0.8136,7.8,0.0222,-0.5
Pinecrest,PIN-Z02,1194,981,100,7.411222780569514,37766.29,69,0.8216,0.0838,0.0578,0.8136,7.8,0.008,-0.4
Pinecrest,PIN-Z03,1214,1007,100,7.557660626029654,37758.59,71,0.8295,0.0824,0.0585,0.8136,7.8,0.0159,-0.3
Pinecrest,PIN-Z04,1229,1007,110,7.414971521562245,36726.92,55,0.8194,0.0895,0.0448,0.8136,7.8,0.0058,-0.4
Pinecrest,PIN-Z05,1268,1016,120,7.257097791798107,37661.67,50,0.8013,0.0946,0.0394,0.8136,7.8,-0.0123,-0.6
Pinecrest,PIN-Z06,1218,1005,101,7.464696223316913,35010.58,70,0.8251,0.0829,0.0575,0.8136,7.8,0.0114,-0.4
Pinecrest,PIN-Z07,1193,991,102,7.26487845766974,34771.32,56,0.8307,0.0855,0.0469,0.8136,7.8,0.0171,-0.6
Pinecrest,PIN-Z08,1265,1063,101,7.256916996047431,39853.9,62,0.8403,0.0798,0.049,0.8136,7.8,0.0267,-0.6
Ridgeline,RID-Z01,1260,1037,110,7.349206349206349,36090.37,58,0.823,0.0873,0.046,0.8136,7.8,0.0093,-0.5
Ridgeline,RID-Z02,1270,1041,99,7.348818897637795,39065.53,54,0.8197,0.078,0.0425,0.8136,7.8,0.006,-0.5
Ridgeline,RID-Z03,1204,1001,102,7.249169435215947,36521.35,65,0.8314,0.0847,0.054,0.8136,7.8,0.0178,-0.6
Ridgeline,RID-Z04,1271,1028,136,7.3005507474429585,39321.42,66,0.8088,0.107,0.0519,0.8136,7.8,-0.0049,-0.5
Ridgeline,RID-Z05,1213,992,105,7.227535037098104,37376.91,61,0.8178,0.0866,0.0503,0.8136,7.8,0.0041,-0.6
Ridgeline,RID-Z06,1216,981,113,7.235197368421052,35013.22,64,0.8067,0.0929,0.0526,0.8136,7.8,-0.007,-0.6
Ridgeline,RID-Z07,1306,1062,124,7.437212863705972,38577.97,77,0.8132,0.0949,0.059,0.8136,7.8,-0.0004,-0.4
Ridgeline,RID-Z08,1353,1121,106,7.458980044345898,40221.06,71,0.8285,0.0783,0.0525,0.8136,7.8,0.0149,-0.4
Southbrook,SOU-Z01,1228,1010,106,7.5,37831.39,68,0.8225,0.0863,0.0554,0.8136,7.8,0.0089,-0.3
Southbrook,SOU-Z02,1233,1009,94,7.341443633414436,36861.35,59,0.8183,0.0762,0.0479,0.8136,7.8,0.0047,-0.5
Southbrook,SOU-Z03,1255,1045,105,7.2565737051792825,37799.59,66,0.8327,0.0837,0.0526,0.8136,7.8,0.0191,-0.6
Southbrook,SOU-Z04,1225,1015,112,7.290612244897959,36353.31,59,0.8286,0.0914,0.0482,0.8136,7.8,0.015,-0.6
Southbrook,SOU-Z05,1315,1076,117,7.524714828897339,40286.65,77,0.8183,0.089,0.0586,0.8136,7.8,0.0047,-0.3
Southbrook,SOU-Z06,1240,1009,115,7.375,38571.31,60,0.8137,0.0927,0.0484,0.8136,7.8,0.0,-0.5
Southbrook,SOU-Z07,1240,1023,113,7.266129032258065,38202.66,49,0.825,0.0911,0.0395,0.8136,7.8,0.0113,-0.6
Southbrook,SOU-Z08,1224,1017,99,7.359477124183006,38065.26,61,0.8309,0.0809,0.0498,0.8136,7.8,0.0172,-0.5
Summit Town,SUM-Z01,1248,1029,105,7.4326923076923075,36498.53,59,0.8245,0.0841,0.0473,0.8136,7.8,0.0109,-0.4
Summit Town,SUM-Z02,1274,1042,119,7.227629513343799,39088.19,69,0.8179,0.0934,0.0542,0.8136,7.8,0.0042,-0.6
Summit Town,SUM-Z03,1220,979,116,7.4311475409836065,35179.37,72,0.8025,0.0951,0.059,0.8136,7.8,-0.0111,-0.4
Summit Town,SUM-Z04,1281,1056,121,7.336455893832943,39021.56,71,0.8244,0.0945,0.0554,0.8136,7.8,0.0108,-0.5
Summit Town,SUM-Z05,1266,1023,122,7.5663507109004735,36515.58,66,0.8081,0.0964,0.0521,0.8136,7.8,-0.0055,-0.3
Summit Town,SUM-Z06,1248,1033,106,7.538461538461538,38455.22,74,0.8277,0.0849,0.0593,0.8136,7.8,0.0141,-0.3
Summit Town,SUM-Z07,1246,1027,108,7.392455858747994,37503.56,62,0.8242,0.0867,0.0498,0.8136,7.8,0.0106,-0.4
Summit Town,SUM-Z08,1254,1054,103,7.198564593301436,38662.25,53,0.8405,0.0821,0.0423,0.8136,7.8,0.0269,-0.6
Valleyford,VAL-Z01,1277,1005,138,7.272513703993735,38679.82,70,0.787,0.1081,0.0548,0.8136,7.8,-0.0266,-0.6
Valleyford,VAL-Z02,1194,972,103,7.257956448911223,35391.02,48,0.8141,0.0863,0.0402,0.8136,7.8,0.0005,-0.6
Valleyford,VAL-Z03,1259,1038,105,7.393169181890389,38678.39,65,0.8245,0.0834,0.0516,0.8136,7.8,0.0109,-0.4
Valleyford,VAL-Z04,1203,977,110,7.472984206151288,36922.62,71,0.8121,0.0914,0.059,0.8136,7.8,-0.0015,-0.4
Valleyford,VAL-Z05,1315,1067,122,7.349049429657795,38918.08,64,0.8114,0.0928,0.0487,0.8136,7.8,-0.0022,-0.5
Valleyford,VAL-Z06,1281,1024,120,7.430132708821233,38239.89,62,0.7994,0.0937,0.0484,0.8136,7.8,-0.0142,-0.4
Valleyford,VAL-Z07,1201,978,104,7.208159866777685,36236.75,52,0.8143,0.0866,0.0433,0.8136,7.8,0.0007,-0.6
Valleyford,VAL-Z08,1266,1043,111,7.149289099526066,38901.78,43,0.8239,0.0877,0.034,0.8136,7.8,0.0102,-0.7
Westville,WES-Z01,1261,1047,108,7.2498017446471055,37708.18,53,0.8303,0.0856,0.042,0.8136,7.8,0.0167,-0.6
Westville,WES-Z02,1208,974,103,7.288907284768212,35648.04,63,0.8063,0.0853,0.0522,0.8136,7.8,-0.0073,-0.6
Westville,WES-Z03,1300,1067,118,7.520769230769231,37665.91,86,0.8208,0.0908,0.0662,0.8136,7.8,0.0071,-0.3
Westville,WES-Z04,1204,951,130,7.382059800664452,34665.33,48,0.7899,0.108,0.0399,0.8136,7.8,-0.0237,-0.5
Westville,WES-Z05,1299,1047,117,7.230177059276366,39143.86,62,0.806,0.0901,0.0477,0.8136,7.8,-0.0076,-0.6
Westville,WES-Z06,1246,1019,107,7.321829855537721,38168.3,59,0.8178,0.0859,0.0474,0.8136,7.8,0.0041,-0.5
Westville,WES-Z07,1225,1004,111,7.250612244897959,37992.92,64,0.8196,0.0906,0.0522,0.8136,7.8,0.006,-0.6
Westville,WES-Z08,1322,1083,129,7.431921331316188,39496.21,65,0.8192,0.0976,0.0492,0.8136,7.8,0.0056,-0.4
