Promo Quartile,Ride Count Bracket,Users,Churned,Churn Rate,Quartile Sort,Bracket Sort
Q1 Low Promo,2. 1 Ride,577,480,0.8319,1,2
Q1 Low Promo,3. 2-5 Rides,2241,1846,0.8237,1,3
Q4 Heavy Promo,3. 2-5 Rides,126,103,0.8175,4,3
Q1 Low Promo,4. 6-10 Rides,1442,1195,0.8287,1,4
Q2,4. 6-10 Rides,248,203,0.8185,2,4
Q3,4. 6-10 Rides,970,806,0.8309,3,4
Q4 Heavy Promo,4. 6-10 Rides,157,131,0.8344,4,4
Q1 Low Promo,5. 11-25 Rides,1972,1638,0.8306,1,5
Q2,5. 11-25 Rides,2523,2090,0.8284,2,5
Q3,5. 11-25 Rides,2279,1872,0.8214,3,5
Q4 Heavy Promo,5. 11-25 Rides,1677,1351,0.8056,4,5
Q1 Low Promo,6. 26-50 Rides,1816,1510,0.8315,1,6
Q2,6. 26-50 Rides,4662,3919,0.8406,2,6
Q3,6. 26-50 Rides,3868,3204,0.8283,3,6
Q4 Heavy Promo,6. 26-50 Rides,4565,3234,0.7084,4,6
Q1 Low Promo,7. 51-100 Rides,756,621,0.8214,1,7
Q2,7. 51-100 Rides,1495,1247,0.8341,2,7
Q3,7. 51-100 Rides,1439,1201,0.8346,3,7
Q4 Heavy Promo,7. 51-100 Rides,2187,1216,0.556,4,7
