city,total_requests,completion_rate,driver_cancel_rate,churn_rate,avg_wait,ticket_rate_per_100,revenue_share,revenue_per_user,promo_share,pct_low_accept,archetype
Ridgeline,10093,81.9,8.9,79.8,7.33,14.7,8.4,104.27,15.6,10.7,Experience Problem
Westville,10065,81.4,9.2,79.9,7.34,14.3,8.4,104.41,15.2,10.9,Experience Problem
Clearwater,10060,81.1,9.3,78.8,7.32,14.5,8.3,100.56,16.0,10.4,Fragmentation Risk
Harbor City,10049,81.8,9.1,79.3,7.36,14.1,8.4,104.11,15.4,8.5,Fragmentation Risk
Summit Town,10037,82.1,9.0,80.7,7.39,14.9,8.4,101.8,16.8,10.2,Experience Problem
Lakewood,10012,81.6,9.3,79.9,7.32,14.2,8.5,104.08,15.1,9.5,Experience Problem
Metro City,10010,82.7,8.4,79.0,7.28,15.1,8.5,106.37,15.4,8.3,Awareness Opportunity
Valleyford,9996,81.1,9.1,79.2,7.32,15.1,8.4,104.27,15.2,8.4,Awareness Opportunity
Northgate,9989,76.1,13.0,79.9,13.35,17.4,7.7,94.08,16.0,9.2,Experience Problem
Southbrook,9960,82.4,8.6,78.9,7.37,15.9,8.5,103.32,15.4,8.0,Awareness Opportunity
Eastport,9868,81.7,8.8,79.8,7.37,15.2,8.2,98.24,15.7,8.1,Awareness Opportunity
Pinecrest,9861,82.5,8.5,80.2,7.37,14.9,8.4,103.49,15.9,9.1,Awareness Opportunity
